<?xml version="1.0" encoding="utf-8" standalone="yes"?>
<rss version="2.0" xmlns:atom="http://www.w3.org/2005/Atom">
    <channel>
        <title>Categories on Example Site</title>
        <link>https://example.com/zh-cn/categories/</link>
        <description>Recent content in Categories on Example Site</description>
        <generator>Hugo -- gohugo.io</generator>
        <language>zh-cn</language>
        <lastBuildDate>Wed, 09 Sep 2020 00:00:00 +0000</lastBuildDate><atom:link href="https://example.com/zh-cn/categories/index.xml" rel="self" type="application/rss+xml" /><item>
        <title>Test</title>
        <link>https://example.com/zh-cn/categories/test/</link>
        <pubDate>Wed, 09 Sep 2020 00:00:00 +0000</pubDate>
        
        <guid>https://example.com/zh-cn/categories/test/</guid>
        <description></description>
        </item>
        <item>
        <title>测试</title>
        <link>https://example.com/zh-cn/categories/%E6%B5%8B%E8%AF%95/</link>
        <pubDate>Wed, 09 Sep 2020 00:00:00 +0000</pubDate>
        
        <guid>https://example.com/zh-cn/categories/%E6%B5%8B%E8%AF%95/</guid>
        <description></description>
        </item>
        
    </channel>
</rss>
