<?xml version="1.0" encoding="utf-8" standalone="yes"?>
<rss version="2.0" xmlns:atom="http://www.w3.org/2005/Atom">
    <channel>
        <title>Categories on موقع تجريبي</title>
        <link>https://example.com/ar/categories/</link>
        <description>Recent content in Categories on موقع تجريبي</description>
        <generator>Hugo -- gohugo.io</generator>
        <language>ar</language>
        <lastBuildDate>Sat, 09 Mar 2019 00:00:00 +0000</lastBuildDate><atom:link href="https://example.com/ar/categories/index.xml" rel="self" type="application/rss+xml" /><item>
        <title>تجربة</title>
        <link>https://example.com/ar/categories/%D8%AA%D8%AC%D8%B1%D8%A8%D8%A9/</link>
        <pubDate>Sat, 09 Mar 2019 00:00:00 +0000</pubDate>
        
        <guid>https://example.com/ar/categories/%D8%AA%D8%AC%D8%B1%D8%A8%D8%A9/</guid>
        <description></description>
        </item>
        <item>
        <title>تجربة مع فراغات</title>
        <link>https://example.com/ar/categories/%D8%AA%D8%AC%D8%B1%D8%A8%D8%A9-%D9%85%D8%B9-%D9%81%D8%B1%D8%A7%D8%BA%D8%A7%D8%AA/</link>
        <pubDate>Sat, 09 Mar 2019 00:00:00 +0000</pubDate>
        
        <guid>https://example.com/ar/categories/%D8%AA%D8%AC%D8%B1%D8%A8%D8%A9-%D9%85%D8%B9-%D9%81%D8%B1%D8%A7%D8%BA%D8%A7%D8%AA/</guid>
        <description></description>
        </item>
        
    </channel>
</rss>
