<?xml version="1.0" encoding="utf-8" standalone="yes"?>
<rss version="2.0" xmlns:atom="http://www.w3.org/2005/Atom">
    <channel>
        <title>Tags on Example Site</title>
        <link>https://example.com/zh-cn/tags/</link>
        <description>Recent content in Tags on Example Site</description>
        <generator>Hugo -- gohugo.io</generator>
        <language>zh-cn</language><atom:link href="https://example.com/zh-cn/tags/index.xml" rel="self" type="application/rss+xml" />
    </channel>
</rss>
