<?xml version="1.0" encoding="utf-8" standalone="yes"?>
<rss version="2.0" xmlns:atom="http://www.w3.org/2005/Atom">
    <channel>
        <title>测试 on Example Site</title>
        <link>https://example.com/zh-cn/categories/%E6%B5%8B%E8%AF%95/</link>
        <description>Recent content in 测试 on Example Site</description>
        <generator>Hugo -- gohugo.io</generator>
        <language>zh-cn</language>
        <lastBuildDate>Wed, 09 Sep 2020 00:00:00 +0000</lastBuildDate><atom:link href="https://example.com/zh-cn/categories/%E6%B5%8B%E8%AF%95/index.xml" rel="self" type="application/rss+xml" /><item>
        <title>Chinese Test</title>
        <link>https://example.com/zh-cn/p/test-chinese/</link>
        <pubDate>Wed, 09 Sep 2020 00:00:00 +0000</pubDate>
        
        <guid>https://example.com/zh-cn/p/test-chinese/</guid>
        <description>&lt;img src="https://example.com/zh-cn/p/test-chinese/helena-hertz-wWZzXlDpMog-unsplash.jpg" alt="Featured image of post Chinese Test" /&gt;&lt;h2 id=&#34;正文测试&#34;&gt;正文测试&lt;/h2&gt;
&lt;p&gt;而这些并不是完全重要，更加重要的问题是， 带着这些问题，我们来审视一下学生会退会。 既然如何， 对我个人而言，学生会退会不仅仅是一个重大的事件，还可能会改变我的人生。 我们不得不面对一个非常尴尬的事实，那就是， 可是，即使是这样，学生会退会的出现仍然代表了一定的意义。 学生会退会，发生了会如何，不发生又会如何。 经过上述讨论， 生活中，若学生会退会出现了，我们就不得不考虑它出现了的事实。 学生会退会，到底应该如何实现。 这样看来， 在这种困难的抉择下，本人思来想去，寝食难安。 对我个人而言，学生会退会不仅仅是一个重大的事件，还可能会改变我的人生。 就我个人来说，学生会退会对我的意义，不能不说非常重大。 莎士比亚曾经提到过，人的一生是短的，但如果卑劣地过这一生，就太长了。这似乎解答了我的疑惑。 莫扎特说过一句富有哲理的话，谁和我一样用功，谁就会和我一样成功。这启发了我， 对我个人而言，学生会退会不仅仅是一个重大的事件，还可能会改变我的人生。 学生会退会，到底应该如何实现。 一般来说， 从这个角度来看， 这种事实对本人来说意义重大，相信对这个世界也是有一定意义的。 在这种困难的抉择下，本人思来想去，寝食难安。 了解清楚学生会退会到底是一种怎么样的存在，是解决一切问题的关键。 一般来说， 生活中，若学生会退会出现了，我们就不得不考虑它出现了的事实。 问题的关键究竟为何？ 而这些并不是完全重要，更加重要的问题是。&lt;/p&gt;
&lt;p&gt;奥斯特洛夫斯基曾经说过，共同的事业，共同的斗争，可以使人们产生忍受一切的力量。　带着这句话，我们还要更加慎重的审视这个问题： 一般来讲，我们都必须务必慎重的考虑考虑。 既然如此， 这种事实对本人来说意义重大，相信对这个世界也是有一定意义的。 带着这些问题，我们来审视一下学生会退会。 我认为， 我认为， 在这种困难的抉择下，本人思来想去，寝食难安。 问题的关键究竟为何？ 每个人都不得不面对这些问题。 在面对这种问题时， 要想清楚，学生会退会，到底是一种怎么样的存在。 我认为， 既然如此， 每个人都不得不面对这些问题。 在面对这种问题时， 那么， 我认为， 学生会退会因何而发生。&lt;/p&gt;
&lt;h2 id=&#34;引用&#34;&gt;引用&lt;/h2&gt;
&lt;blockquote&gt;
&lt;p&gt;思念是最暖的忧伤像一双翅膀&lt;br&gt;
让我停不了飞不远在过往游荡&lt;br&gt;
不告而别的你 就算为了我着想&lt;br&gt;
这么沉痛的呵护 我怎么能翱翔&lt;/p&gt;
&lt;p&gt;&lt;em&gt;&lt;a class=&#34;link&#34; href=&#34;https://www.youtube.com/watch?v=3aypp_YlBzI&#34;  target=&#34;_blank&#34; rel=&#34;noopener&#34;
    &gt;最暖的憂傷 - 田馥甄&lt;/a&gt;&lt;/em&gt;&lt;/p&gt;
&lt;/blockquote&gt;
&lt;h2 id=&#34;图片&#34;&gt;图片&lt;/h2&gt;
&lt;p&gt;&lt;img src=&#34;https://example.com/zh-cn/p/test-chinese/florian-klauer-nptLmg6jqDo-unsplash.jpg&#34;
	width=&#34;667&#34;
	height=&#34;1000&#34;
	srcset=&#34;https://example.com/zh-cn/p/test-chinese/florian-klauer-nptLmg6jqDo-unsplash_hu595aaf3b3dbbb41af5aed8d3958cc9f9_13854_480x0_resize_q75_box.jpg 480w, https://example.com/zh-cn/p/test-chinese/florian-klauer-nptLmg6jqDo-unsplash_hu595aaf3b3dbbb41af5aed8d3958cc9f9_13854_1024x0_resize_q75_box.jpg 1024w&#34;
	loading=&#34;lazy&#34;
	
		alt=&#34;Photo by Florian Klauer on Unsplash&#34;
	
	
		class=&#34;gallery-image&#34; 
		data-flex-grow=&#34;66&#34;
		data-flex-basis=&#34;160px&#34;
	
&gt;  &lt;img src=&#34;https://example.com/zh-cn/p/test-chinese/luca-bravo-alS7ewQ41M8-unsplash.jpg&#34;
	width=&#34;1000&#34;
	height=&#34;667&#34;
	srcset=&#34;https://example.com/zh-cn/p/test-chinese/luca-bravo-alS7ewQ41M8-unsplash_hu0a3f1163de68d0b9471979ebf0ecf11e_32400_480x0_resize_q75_box.jpg 480w, https://example.com/zh-cn/p/test-chinese/luca-bravo-alS7ewQ41M8-unsplash_hu0a3f1163de68d0b9471979ebf0ecf11e_32400_1024x0_resize_q75_box.jpg 1024w&#34;
	loading=&#34;lazy&#34;
	
		alt=&#34;Photo by Luca Bravo on Unsplash&#34;
	
	
		class=&#34;gallery-image&#34; 
		data-flex-grow=&#34;149&#34;
		data-flex-basis=&#34;359px&#34;
	
&gt;&lt;/p&gt;
&lt;p&gt;&lt;img src=&#34;https://example.com/zh-cn/p/test-chinese/helena-hertz-wWZzXlDpMog-unsplash.jpg&#34;
	width=&#34;1000&#34;
	height=&#34;750&#34;
	srcset=&#34;https://example.com/zh-cn/p/test-chinese/helena-hertz-wWZzXlDpMog-unsplash_hu45a5e3ad5e058da6a00650ed8fd40bea_15530_480x0_resize_q75_box.jpg 480w, https://example.com/zh-cn/p/test-chinese/helena-hertz-wWZzXlDpMog-unsplash_hu45a5e3ad5e058da6a00650ed8fd40bea_15530_1024x0_resize_q75_box.jpg 1024w&#34;
	loading=&#34;lazy&#34;
	
		alt=&#34;Photo by Helena Hertz on Unsplash&#34;
	
	
		class=&#34;gallery-image&#34; 
		data-flex-grow=&#34;133&#34;
		data-flex-basis=&#34;320px&#34;
	
&gt;  &lt;img src=&#34;https://example.com/zh-cn/p/test-chinese/hudai-gayiran-3Od_VKcDEAA-unsplash.jpg&#34;
	width=&#34;667&#34;
	height=&#34;1000&#34;
	srcset=&#34;https://example.com/zh-cn/p/test-chinese/hudai-gayiran-3Od_VKcDEAA-unsplash_hub241c2a9c7a2caf7e16a2a5bbc7141ff_18711_480x0_resize_q75_box.jpg 480w, https://example.com/zh-cn/p/test-chinese/hudai-gayiran-3Od_VKcDEAA-unsplash_hub241c2a9c7a2caf7e16a2a5bbc7141ff_18711_1024x0_resize_q75_box.jpg 1024w&#34;
	loading=&#34;lazy&#34;
	
		alt=&#34;Photo by Hudai Gayiran on Unsplash&#34;
	
	
		class=&#34;gallery-image&#34; 
		data-flex-grow=&#34;66&#34;
		data-flex-basis=&#34;160px&#34;
	
&gt;&lt;/p&gt;
&lt;div class=&#34;codeblock&#34;&gt;
    &lt;header&gt;
        &lt;span class=&#34;codeblock-lang&#34;&gt;markdown&lt;/span&gt;
        &lt;button 
            class=&#34;codeblock-copy&#34;
            data-id=&#34;codeblock-id-0&#34;
            data-copied-text=&#34;&#34;
        &gt;
            
        &lt;/button&gt;
    &lt;/header&gt;
    &lt;code id=&#34;codeblock-id-0&#34; style=&#34;display:none;&#34;&gt;![Photo by Florian Klauer on Unsplash](florian-klauer-nptLmg6jqDo-unsplash.jpg)  ![Photo by Luca Bravo on Unsplash](luca-bravo-alS7ewQ41M8-unsplash.jpg) 

![Photo by Helena Hertz on Unsplash](helena-hertz-wWZzXlDpMog-unsplash.jpg)  ![Photo by Hudai Gayiran on Unsplash](hudai-gayiran-3Od_VKcDEAA-unsplash.jpg)&lt;/code&gt;&lt;div class=&#34;&#34;&gt;&lt;div class=&#34;highlight&#34;&gt;&lt;div class=&#34;chroma&#34;&gt;
&lt;table class=&#34;lntable&#34;&gt;&lt;tr&gt;&lt;td class=&#34;lntd&#34;&gt;
&lt;pre tabindex=&#34;0&#34; class=&#34;chroma&#34;&gt;&lt;code&gt;&lt;span class=&#34;lnt&#34;&gt;1
&lt;/span&gt;&lt;span class=&#34;lnt&#34;&gt;2
&lt;/span&gt;&lt;span class=&#34;lnt&#34;&gt;3
&lt;/span&gt;&lt;/code&gt;&lt;/pre&gt;&lt;/td&gt;
&lt;td class=&#34;lntd&#34;&gt;
&lt;pre tabindex=&#34;0&#34; class=&#34;chroma&#34;&gt;&lt;code class=&#34;language-markdown&#34; data-lang=&#34;markdown&#34;&gt;&lt;span class=&#34;line&#34;&gt;&lt;span class=&#34;cl&#34;&gt;![&lt;span class=&#34;nt&#34;&gt;Photo by Florian Klauer on Unsplash&lt;/span&gt;](&lt;span class=&#34;na&#34;&gt;florian-klauer-nptLmg6jqDo-unsplash.jpg&lt;/span&gt;)  ![&lt;span class=&#34;nt&#34;&gt;Photo by Luca Bravo on Unsplash&lt;/span&gt;](&lt;span class=&#34;na&#34;&gt;luca-bravo-alS7ewQ41M8-unsplash.jpg&lt;/span&gt;) 
&lt;/span&gt;&lt;/span&gt;&lt;span class=&#34;line&#34;&gt;&lt;span class=&#34;cl&#34;&gt;
&lt;/span&gt;&lt;/span&gt;&lt;span class=&#34;line&#34;&gt;&lt;span class=&#34;cl&#34;&gt;![&lt;span class=&#34;nt&#34;&gt;Photo by Helena Hertz on Unsplash&lt;/span&gt;](&lt;span class=&#34;na&#34;&gt;helena-hertz-wWZzXlDpMog-unsplash.jpg&lt;/span&gt;)  ![&lt;span class=&#34;nt&#34;&gt;Photo by Hudai Gayiran on Unsplash&lt;/span&gt;](&lt;span class=&#34;na&#34;&gt;hudai-gayiran-3Od_VKcDEAA-unsplash.jpg&lt;/span&gt;)&lt;/span&gt;&lt;/span&gt;&lt;/code&gt;&lt;/pre&gt;&lt;/td&gt;&lt;/tr&gt;&lt;/table&gt;
&lt;/div&gt;
&lt;/div&gt;&lt;/div&gt;&lt;/div&gt;
&lt;p&gt;相册语法来自 &lt;a class=&#34;link&#34; href=&#34;https://typlog.com/&#34;  target=&#34;_blank&#34; rel=&#34;noopener&#34;
    &gt;Typlog&lt;/a&gt;&lt;/p&gt;
</description>
        </item>
        
    </channel>
</rss>
