<?xml version="1.0" encoding="utf-8" standalone="yes"?>
<rss version="2.0" xmlns:atom="http://www.w3.org/2005/Atom">
    <channel>
        <title>Tags on Cortmiem(あすはら) - 眩しさだけは、忘れなかった。</title>
        <link>https://example.com/tags/</link>
        <description>Recent content in Tags on Cortmiem(あすはら) - 眩しさだけは、忘れなかった。</description>
        <generator>Hugo -- gohugo.io</generator>
        <language>ja</language>
        <lastBuildDate>Mon, 11 Mar 2019 00:00:00 +0000</lastBuildDate><atom:link href="https://example.com/tags/index.xml" rel="self" type="application/rss+xml" /><item>
        <title>css</title>
        <link>https://example.com/tags/css/</link>
        <pubDate>Mon, 11 Mar 2019 00:00:00 +0000</pubDate>
        
        <guid>https://example.com/tags/css/</guid>
        <description></description>
        </item>
        <item>
        <title>html</title>
        <link>https://example.com/tags/html/</link>
        <pubDate>Mon, 11 Mar 2019 00:00:00 +0000</pubDate>
        
        <guid>https://example.com/tags/html/</guid>
        <description></description>
        </item>
        <item>
        <title>markdown</title>
        <link>https://example.com/tags/markdown/</link>
        <pubDate>Mon, 11 Mar 2019 00:00:00 +0000</pubDate>
        
        <guid>https://example.com/tags/markdown/</guid>
        <description></description>
        </item>
        <item>
        <title>themes</title>
        <link>https://example.com/tags/themes/</link>
        <pubDate>Mon, 11 Mar 2019 00:00:00 +0000</pubDate>
        
        <guid>https://example.com/tags/themes/</guid>
        <description></description>
        </item>
        <item>
        <title>tag with whitespaces</title>
        <link>https://example.com/tags/tag-with-whitespaces/</link>
        <pubDate>Sat, 09 Mar 2019 00:00:00 +0000</pubDate>
        
        <guid>https://example.com/tags/tag-with-whitespaces/</guid>
        <description></description>
        </item>
        <item>
        <title>text</title>
        <link>https://example.com/tags/text/</link>
        <pubDate>Sat, 09 Mar 2019 00:00:00 +0000</pubDate>
        
        <guid>https://example.com/tags/text/</guid>
        <description></description>
        </item>
        <item>
        <title>emoji</title>
        <link>https://example.com/tags/emoji/</link>
        <pubDate>Tue, 05 Mar 2019 00:00:00 +0000</pubDate>
        
        <guid>https://example.com/tags/emoji/</guid>
        <description></description>
        </item>
        
    </channel>
</rss>
