<?xml version="1.0" encoding="utf-8" standalone="yes"?>
<rss version="2.0" xmlns:atom="http://www.w3.org/2005/Atom">
    <channel>
        <title>Pages on Cortmiem(あすはら) - 眩しさだけは、忘れなかった。</title>
        <link>https://example.com/page/</link>
        <description>Recent content in Pages on Cortmiem(あすはら) - 眩しさだけは、忘れなかった。</description>
        <generator>Hugo -- gohugo.io</generator>
        <language>ja</language>
        <lastBuildDate>Tue, 28 May 2019 00:00:00 +0000</lastBuildDate><atom:link href="https://example.com/page/index.xml" rel="self" type="application/rss+xml" /><item>
        <title>アーカイブ</title>
        <link>https://example.com/archives/</link>
        <pubDate>Tue, 28 May 2019 00:00:00 +0000</pubDate>
        
        <guid>https://example.com/archives/</guid>
        <description></description>
        </item>
        <item>
        <title>について</title>
        <link>https://example.com/%E3%81%AB%E3%81%A4%E3%81%84%E3%81%A6/</link>
        <pubDate>Thu, 28 Feb 2019 00:00:00 +0000</pubDate>
        
        <guid>https://example.com/%E3%81%AB%E3%81%A4%E3%81%84%E3%81%A6/</guid>
        <description>&lt;p&gt;Written in Go, Hugo is an open source static site generator available under the &lt;a class=&#34;link&#34; href=&#34;https://github.com/gohugoio/hugo/blob/master/LICENSE&#34;  target=&#34;_blank&#34; rel=&#34;noopener&#34;
    &gt;Apache Licence 2.0.&lt;/a&gt; Hugo supports TOML, YAML and JSON data file types, Markdown and HTML content files and uses shortcodes to add rich content. Other notable features are taxonomies, multilingual mode, image processing, custom output formats, HTML/CSS/JS minification and support for Sass SCSS workflows.&lt;/p&gt;
&lt;p&gt;Hugo makes use of a variety of open source projects including:&lt;/p&gt;
&lt;ul&gt;
&lt;li&gt;&lt;a class=&#34;link&#34; href=&#34;https://github.com/yuin/goldmark&#34;  target=&#34;_blank&#34; rel=&#34;noopener&#34;
    &gt;https://github.com/yuin/goldmark&lt;/a&gt;&lt;/li&gt;
&lt;li&gt;&lt;a class=&#34;link&#34; href=&#34;https://github.com/alecthomas/chroma&#34;  target=&#34;_blank&#34; rel=&#34;noopener&#34;
    &gt;https://github.com/alecthomas/chroma&lt;/a&gt;&lt;/li&gt;
&lt;li&gt;&lt;a class=&#34;link&#34; href=&#34;https://github.com/muesli/smartcrop&#34;  target=&#34;_blank&#34; rel=&#34;noopener&#34;
    &gt;https://github.com/muesli/smartcrop&lt;/a&gt;&lt;/li&gt;
&lt;li&gt;&lt;a class=&#34;link&#34; href=&#34;https://github.com/spf13/cobra&#34;  target=&#34;_blank&#34; rel=&#34;noopener&#34;
    &gt;https://github.com/spf13/cobra&lt;/a&gt;&lt;/li&gt;
&lt;li&gt;&lt;a class=&#34;link&#34; href=&#34;https://github.com/spf13/viper&#34;  target=&#34;_blank&#34; rel=&#34;noopener&#34;
    &gt;https://github.com/spf13/viper&lt;/a&gt;&lt;/li&gt;
&lt;/ul&gt;
&lt;p&gt;Hugo is ideal for blogs, corporate websites, creative portfolios, online magazines, single page applications or even a website with thousands of pages.&lt;/p&gt;
&lt;p&gt;Hugo is for people who want to hand code their own website without worrying about setting up complicated runtimes, dependencies and databases.&lt;/p&gt;
&lt;p&gt;Websites built with Hugo are extremelly fast, secure and can be deployed anywhere including, AWS, GitHub Pages, Heroku, Netlify and any other hosting provider.&lt;/p&gt;
&lt;p&gt;Learn more and contribute on &lt;a class=&#34;link&#34; href=&#34;https://github.com/gohugoio&#34;  target=&#34;_blank&#34; rel=&#34;noopener&#34;
    &gt;GitHub&lt;/a&gt;.&lt;/p&gt;
</description>
        </item>
        <item>
        <title>リンク</title>
        <link>https://example.com/%E3%83%AA%E3%83%B3%E3%82%AF/</link>
        <pubDate>Mon, 01 Jan 0001 00:00:00 +0000</pubDate>
        
        <guid>https://example.com/%E3%83%AA%E3%83%B3%E3%82%AF/</guid>
        <description>&lt;p&gt;To use this feature, add &lt;code&gt;links&lt;/code&gt; section to frontmatter.&lt;/p&gt;
&lt;p&gt;This page&amp;rsquo;s frontmatter:&lt;/p&gt;
&lt;div class=&#34;codeblock&#34;&gt;
    &lt;header&gt;
        &lt;span class=&#34;codeblock-lang&#34;&gt;yaml&lt;/span&gt;
        &lt;button 
            class=&#34;codeblock-copy&#34;
            data-id=&#34;codeblock-id-0&#34;
            data-copied-text=&#34;&#34;
        &gt;
            
        &lt;/button&gt;
    &lt;/header&gt;
    &lt;code id=&#34;codeblock-id-0&#34; style=&#34;display:none;&#34;&gt;links:
  - title: GitHub
    description: GitHub is the world&amp;#39;s largest software development platform.
    website: https://github.com
    image: https://github.githubassets.com/images/modules/logos_page/GitHub-Mark.png
  - title: TypeScript
    description: TypeScript is a typed superset of JavaScript that compiles to plain JavaScript.
    website: https://www.typescriptlang.org
    image: ts-logo-128.jpg&lt;/code&gt;&lt;div class=&#34;&#34;&gt;&lt;div class=&#34;highlight&#34;&gt;&lt;div class=&#34;chroma&#34;&gt;
&lt;table class=&#34;lntable&#34;&gt;&lt;tr&gt;&lt;td class=&#34;lntd&#34;&gt;
&lt;pre tabindex=&#34;0&#34; class=&#34;chroma&#34;&gt;&lt;code&gt;&lt;span class=&#34;lnt&#34;&gt;1
&lt;/span&gt;&lt;span class=&#34;lnt&#34;&gt;2
&lt;/span&gt;&lt;span class=&#34;lnt&#34;&gt;3
&lt;/span&gt;&lt;span class=&#34;lnt&#34;&gt;4
&lt;/span&gt;&lt;span class=&#34;lnt&#34;&gt;5
&lt;/span&gt;&lt;span class=&#34;lnt&#34;&gt;6
&lt;/span&gt;&lt;span class=&#34;lnt&#34;&gt;7
&lt;/span&gt;&lt;span class=&#34;lnt&#34;&gt;8
&lt;/span&gt;&lt;span class=&#34;lnt&#34;&gt;9
&lt;/span&gt;&lt;/code&gt;&lt;/pre&gt;&lt;/td&gt;
&lt;td class=&#34;lntd&#34;&gt;
&lt;pre tabindex=&#34;0&#34; class=&#34;chroma&#34;&gt;&lt;code class=&#34;language-yaml&#34; data-lang=&#34;yaml&#34;&gt;&lt;span class=&#34;line&#34;&gt;&lt;span class=&#34;cl&#34;&gt;&lt;span class=&#34;nt&#34;&gt;links&lt;/span&gt;&lt;span class=&#34;p&#34;&gt;:&lt;/span&gt;&lt;span class=&#34;w&#34;&gt;
&lt;/span&gt;&lt;/span&gt;&lt;/span&gt;&lt;span class=&#34;line&#34;&gt;&lt;span class=&#34;cl&#34;&gt;&lt;span class=&#34;w&#34;&gt;  &lt;/span&gt;- &lt;span class=&#34;nt&#34;&gt;title&lt;/span&gt;&lt;span class=&#34;p&#34;&gt;:&lt;/span&gt;&lt;span class=&#34;w&#34;&gt; &lt;/span&gt;&lt;span class=&#34;l&#34;&gt;GitHub&lt;/span&gt;&lt;span class=&#34;w&#34;&gt;
&lt;/span&gt;&lt;/span&gt;&lt;/span&gt;&lt;span class=&#34;line&#34;&gt;&lt;span class=&#34;cl&#34;&gt;&lt;span class=&#34;w&#34;&gt;    &lt;/span&gt;&lt;span class=&#34;nt&#34;&gt;description&lt;/span&gt;&lt;span class=&#34;p&#34;&gt;:&lt;/span&gt;&lt;span class=&#34;w&#34;&gt; &lt;/span&gt;&lt;span class=&#34;l&#34;&gt;GitHub is the world&amp;#39;s largest software development platform.&lt;/span&gt;&lt;span class=&#34;w&#34;&gt;
&lt;/span&gt;&lt;/span&gt;&lt;/span&gt;&lt;span class=&#34;line&#34;&gt;&lt;span class=&#34;cl&#34;&gt;&lt;span class=&#34;w&#34;&gt;    &lt;/span&gt;&lt;span class=&#34;nt&#34;&gt;website&lt;/span&gt;&lt;span class=&#34;p&#34;&gt;:&lt;/span&gt;&lt;span class=&#34;w&#34;&gt; &lt;/span&gt;&lt;span class=&#34;l&#34;&gt;https://github.com&lt;/span&gt;&lt;span class=&#34;w&#34;&gt;
&lt;/span&gt;&lt;/span&gt;&lt;/span&gt;&lt;span class=&#34;line&#34;&gt;&lt;span class=&#34;cl&#34;&gt;&lt;span class=&#34;w&#34;&gt;    &lt;/span&gt;&lt;span class=&#34;nt&#34;&gt;image&lt;/span&gt;&lt;span class=&#34;p&#34;&gt;:&lt;/span&gt;&lt;span class=&#34;w&#34;&gt; &lt;/span&gt;&lt;span class=&#34;l&#34;&gt;https://github.githubassets.com/images/modules/logos_page/GitHub-Mark.png&lt;/span&gt;&lt;span class=&#34;w&#34;&gt;
&lt;/span&gt;&lt;/span&gt;&lt;/span&gt;&lt;span class=&#34;line&#34;&gt;&lt;span class=&#34;cl&#34;&gt;&lt;span class=&#34;w&#34;&gt;  &lt;/span&gt;- &lt;span class=&#34;nt&#34;&gt;title&lt;/span&gt;&lt;span class=&#34;p&#34;&gt;:&lt;/span&gt;&lt;span class=&#34;w&#34;&gt; &lt;/span&gt;&lt;span class=&#34;l&#34;&gt;TypeScript&lt;/span&gt;&lt;span class=&#34;w&#34;&gt;
&lt;/span&gt;&lt;/span&gt;&lt;/span&gt;&lt;span class=&#34;line&#34;&gt;&lt;span class=&#34;cl&#34;&gt;&lt;span class=&#34;w&#34;&gt;    &lt;/span&gt;&lt;span class=&#34;nt&#34;&gt;description&lt;/span&gt;&lt;span class=&#34;p&#34;&gt;:&lt;/span&gt;&lt;span class=&#34;w&#34;&gt; &lt;/span&gt;&lt;span class=&#34;l&#34;&gt;TypeScript is a typed superset of JavaScript that compiles to plain JavaScript.&lt;/span&gt;&lt;span class=&#34;w&#34;&gt;
&lt;/span&gt;&lt;/span&gt;&lt;/span&gt;&lt;span class=&#34;line&#34;&gt;&lt;span class=&#34;cl&#34;&gt;&lt;span class=&#34;w&#34;&gt;    &lt;/span&gt;&lt;span class=&#34;nt&#34;&gt;website&lt;/span&gt;&lt;span class=&#34;p&#34;&gt;:&lt;/span&gt;&lt;span class=&#34;w&#34;&gt; &lt;/span&gt;&lt;span class=&#34;l&#34;&gt;https://www.typescriptlang.org&lt;/span&gt;&lt;span class=&#34;w&#34;&gt;
&lt;/span&gt;&lt;/span&gt;&lt;/span&gt;&lt;span class=&#34;line&#34;&gt;&lt;span class=&#34;cl&#34;&gt;&lt;span class=&#34;w&#34;&gt;    &lt;/span&gt;&lt;span class=&#34;nt&#34;&gt;image&lt;/span&gt;&lt;span class=&#34;p&#34;&gt;:&lt;/span&gt;&lt;span class=&#34;w&#34;&gt; &lt;/span&gt;&lt;span class=&#34;l&#34;&gt;ts-logo-128.jpg&lt;/span&gt;&lt;/span&gt;&lt;/span&gt;&lt;/code&gt;&lt;/pre&gt;&lt;/td&gt;&lt;/tr&gt;&lt;/table&gt;
&lt;/div&gt;
&lt;/div&gt;&lt;/div&gt;&lt;/div&gt;
&lt;p&gt;&lt;code&gt;image&lt;/code&gt; field accepts both local and external images.&lt;/p&gt;
</description>
        </item>
        <item>
        <title>検索</title>
        <link>https://example.com/search/</link>
        <pubDate>Mon, 01 Jan 0001 00:00:00 +0000</pubDate>
        
        <guid>https://example.com/search/</guid>
        <description></description>
        </item>
        
    </channel>
</rss>
