<?xml version="1.0" encoding="utf-8" standalone="yes"?>
<rss version="2.0" xmlns:atom="http://www.w3.org/2005/Atom">
    <channel>
        <title>markdown on Cortmiem(あすはら) - 眩しさだけは、忘れなかった。</title>
        <link>https://example.com/tags/markdown/</link>
        <description>Recent content in markdown on Cortmiem(あすはら) - 眩しさだけは、忘れなかった。</description>
        <generator>Hugo -- gohugo.io</generator>
        <language>ja</language>
        <lastBuildDate>Mon, 11 Mar 2019 00:00:00 +0000</lastBuildDate><atom:link href="https://example.com/tags/markdown/index.xml" rel="self" type="application/rss+xml" /><item>
        <title>Markdown Syntax Guide</title>
        <link>https://example.com/p/markdown-syntax-guide/</link>
        <pubDate>Mon, 11 Mar 2019 00:00:00 +0000</pubDate>
        
        <guid>https://example.com/p/markdown-syntax-guide/</guid>
        <description>&lt;img src="https://example.com/p/markdown-syntax-guide/pawel-czerwinski-8uZPynIu-rQ-unsplash.jpg" alt="Featured image of post Markdown Syntax Guide" /&gt;&lt;p&gt;This article offers a sample of basic Markdown syntax that can be used in Hugo content files, also it shows whether basic HTML elements are decorated with CSS in a Hugo theme.&lt;/p&gt;
&lt;h2 id=&#34;headings&#34;&gt;Headings&lt;/h2&gt;
&lt;p&gt;The following HTML &lt;code&gt;&amp;lt;h1&amp;gt;&lt;/code&gt;—&lt;code&gt;&amp;lt;h6&amp;gt;&lt;/code&gt; elements represent six levels of section headings. &lt;code&gt;&amp;lt;h1&amp;gt;&lt;/code&gt; is the highest section level while &lt;code&gt;&amp;lt;h6&amp;gt;&lt;/code&gt; is the lowest.&lt;/p&gt;
&lt;h1 id=&#34;h1&#34;&gt;H1&lt;/h1&gt;
&lt;h2 id=&#34;h2&#34;&gt;H2&lt;/h2&gt;
&lt;h3 id=&#34;h3&#34;&gt;H3&lt;/h3&gt;
&lt;h4 id=&#34;h4&#34;&gt;H4&lt;/h4&gt;
&lt;h5 id=&#34;h5&#34;&gt;H5&lt;/h5&gt;
&lt;h6 id=&#34;h6&#34;&gt;H6&lt;/h6&gt;
&lt;h2 id=&#34;paragraph&#34;&gt;Paragraph&lt;/h2&gt;
&lt;p&gt;Xerum, quo qui aut unt expliquam qui dolut labo. Aque venitatiusda cum, voluptionse latur sitiae dolessi aut parist aut dollo enim qui voluptate ma dolestendit peritin re plis aut quas inctum laceat est volestemque commosa as cus endigna tectur, offic to cor sequas etum rerum idem sintibus eiur? Quianimin porecus evelectur, cum que nis nust voloribus ratem aut omnimi, sitatur? Quiatem. Nam, omnis sum am facea corem alique molestrunt et eos evelece arcillit ut aut eos eos nus, sin conecerem erum fuga. Ri oditatquam, ad quibus unda veliamenimin cusam et facea ipsamus es exerum sitate dolores editium rerore eost, temped molorro ratiae volorro te reribus dolorer sperchicium faceata tiustia prat.&lt;/p&gt;
&lt;p&gt;Itatur? Quiatae cullecum rem ent aut odis in re eossequodi nonsequ idebis ne sapicia is sinveli squiatum, core et que aut hariosam ex eat.&lt;/p&gt;
&lt;h2 id=&#34;blockquotes&#34;&gt;Blockquotes&lt;/h2&gt;
&lt;p&gt;The blockquote element represents content that is quoted from another source, optionally with a citation which must be within a &lt;code&gt;footer&lt;/code&gt; or &lt;code&gt;cite&lt;/code&gt; element, and optionally with in-line changes such as annotations and abbreviations.&lt;/p&gt;
&lt;h4 id=&#34;blockquote-without-attribution&#34;&gt;Blockquote without attribution&lt;/h4&gt;
&lt;blockquote&gt;
&lt;p&gt;Tiam, ad mint andaepu dandae nostion secatur sequo quae.
&lt;strong&gt;Note&lt;/strong&gt; that you can use &lt;em&gt;Markdown syntax&lt;/em&gt; within a blockquote.&lt;/p&gt;
&lt;/blockquote&gt;
&lt;h4 id=&#34;blockquote-with-attribution&#34;&gt;Blockquote with attribution&lt;/h4&gt;
&lt;blockquote&gt;
&lt;p&gt;Don&amp;rsquo;t communicate by sharing memory, share memory by communicating.&lt;br&gt;
— &lt;cite&gt;Rob Pike&lt;sup id=&#34;fnref:1&#34;&gt;&lt;a href=&#34;#fn:1&#34; class=&#34;footnote-ref&#34; role=&#34;doc-noteref&#34;&gt;1&lt;/a&gt;&lt;/sup&gt;&lt;/cite&gt;&lt;/p&gt;
&lt;/blockquote&gt;
&lt;h2 id=&#34;tables&#34;&gt;Tables&lt;/h2&gt;
&lt;p&gt;Tables aren&amp;rsquo;t part of the core Markdown spec, but Hugo supports supports them out-of-the-box.&lt;/p&gt;
&lt;table&gt;
&lt;thead&gt;
&lt;tr&gt;
&lt;th&gt;Name&lt;/th&gt;
&lt;th&gt;Age&lt;/th&gt;
&lt;/tr&gt;
&lt;/thead&gt;
&lt;tbody&gt;
&lt;tr&gt;
&lt;td&gt;Bob&lt;/td&gt;
&lt;td&gt;27&lt;/td&gt;
&lt;/tr&gt;
&lt;tr&gt;
&lt;td&gt;Alice&lt;/td&gt;
&lt;td&gt;23&lt;/td&gt;
&lt;/tr&gt;
&lt;/tbody&gt;
&lt;/table&gt;
&lt;h4 id=&#34;inline-markdown-within-tables&#34;&gt;Inline Markdown within tables&lt;/h4&gt;
&lt;table&gt;
&lt;thead&gt;
&lt;tr&gt;
&lt;th&gt;Italics&lt;/th&gt;
&lt;th&gt;Bold&lt;/th&gt;
&lt;th&gt;Code&lt;/th&gt;
&lt;/tr&gt;
&lt;/thead&gt;
&lt;tbody&gt;
&lt;tr&gt;
&lt;td&gt;&lt;em&gt;italics&lt;/em&gt;&lt;/td&gt;
&lt;td&gt;&lt;strong&gt;bold&lt;/strong&gt;&lt;/td&gt;
&lt;td&gt;&lt;code&gt;code&lt;/code&gt;&lt;/td&gt;
&lt;/tr&gt;
&lt;/tbody&gt;
&lt;/table&gt;
&lt;table&gt;
&lt;thead&gt;
&lt;tr&gt;
&lt;th&gt;A&lt;/th&gt;
&lt;th&gt;B&lt;/th&gt;
&lt;th&gt;C&lt;/th&gt;
&lt;th&gt;D&lt;/th&gt;
&lt;th&gt;E&lt;/th&gt;
&lt;th&gt;F&lt;/th&gt;
&lt;/tr&gt;
&lt;/thead&gt;
&lt;tbody&gt;
&lt;tr&gt;
&lt;td&gt;Lorem ipsum dolor sit amet, consectetur adipiscing elit.&lt;/td&gt;
&lt;td&gt;Phasellus ultricies, sapien non euismod aliquam, dui ligula tincidunt odio, at accumsan nulla sapien eget ex.&lt;/td&gt;
&lt;td&gt;Proin eleifend dictum ipsum, non euismod ipsum pulvinar et. Vivamus sollicitudin, quam in pulvinar aliquam, metus elit pretium purus&lt;/td&gt;
&lt;td&gt;Proin sit amet velit nec enim imperdiet vehicula.&lt;/td&gt;
&lt;td&gt;Ut bibendum vestibulum quam, eu egestas turpis gravida nec&lt;/td&gt;
&lt;td&gt;Sed scelerisque nec turpis vel viverra. Vivamus vitae pretium sapien&lt;/td&gt;
&lt;/tr&gt;
&lt;/tbody&gt;
&lt;/table&gt;
&lt;h2 id=&#34;code-blocks&#34;&gt;Code Blocks&lt;/h2&gt;
&lt;h4 id=&#34;code-block-with-backticks&#34;&gt;Code block with backticks&lt;/h4&gt;
&lt;div class=&#34;codeblock&#34;&gt;
    &lt;header&gt;
        &lt;span class=&#34;codeblock-lang&#34;&gt;html&lt;/span&gt;
        &lt;button 
            class=&#34;codeblock-copy&#34;
            data-id=&#34;codeblock-id-0&#34;
            data-copied-text=&#34;&#34;
        &gt;
            
        &lt;/button&gt;
    &lt;/header&gt;
    &lt;code id=&#34;codeblock-id-0&#34; style=&#34;display:none;&#34;&gt;&amp;lt;!doctype html&amp;gt;
&amp;lt;html lang=&amp;#34;en&amp;#34;&amp;gt;
&amp;lt;head&amp;gt;
  &amp;lt;meta charset=&amp;#34;utf-8&amp;#34;&amp;gt;
  &amp;lt;title&amp;gt;Example HTML5 Document&amp;lt;/title&amp;gt;
&amp;lt;/head&amp;gt;
&amp;lt;body&amp;gt;
  &amp;lt;p&amp;gt;Test&amp;lt;/p&amp;gt;
&amp;lt;/body&amp;gt;
&amp;lt;/html&amp;gt;&lt;/code&gt;&lt;div class=&#34;&#34;&gt;&lt;div class=&#34;highlight&#34;&gt;&lt;div class=&#34;chroma&#34;&gt;
&lt;table class=&#34;lntable&#34;&gt;&lt;tr&gt;&lt;td class=&#34;lntd&#34;&gt;
&lt;pre tabindex=&#34;0&#34; class=&#34;chroma&#34;&gt;&lt;code&gt;&lt;span class=&#34;lnt&#34;&gt; 1
&lt;/span&gt;&lt;span class=&#34;lnt&#34;&gt; 2
&lt;/span&gt;&lt;span class=&#34;lnt&#34;&gt; 3
&lt;/span&gt;&lt;span class=&#34;lnt&#34;&gt; 4
&lt;/span&gt;&lt;span class=&#34;lnt&#34;&gt; 5
&lt;/span&gt;&lt;span class=&#34;lnt&#34;&gt; 6
&lt;/span&gt;&lt;span class=&#34;lnt&#34;&gt; 7
&lt;/span&gt;&lt;span class=&#34;lnt&#34;&gt; 8
&lt;/span&gt;&lt;span class=&#34;lnt&#34;&gt; 9
&lt;/span&gt;&lt;span class=&#34;lnt&#34;&gt;10
&lt;/span&gt;&lt;/code&gt;&lt;/pre&gt;&lt;/td&gt;
&lt;td class=&#34;lntd&#34;&gt;
&lt;pre tabindex=&#34;0&#34; class=&#34;chroma&#34;&gt;&lt;code class=&#34;language-html&#34; data-lang=&#34;html&#34;&gt;&lt;span class=&#34;line&#34;&gt;&lt;span class=&#34;cl&#34;&gt;&lt;span class=&#34;cp&#34;&gt;&amp;lt;!doctype html&amp;gt;&lt;/span&gt;
&lt;/span&gt;&lt;/span&gt;&lt;span class=&#34;line&#34;&gt;&lt;span class=&#34;cl&#34;&gt;&lt;span class=&#34;p&#34;&gt;&amp;lt;&lt;/span&gt;&lt;span class=&#34;nt&#34;&gt;html&lt;/span&gt; &lt;span class=&#34;na&#34;&gt;lang&lt;/span&gt;&lt;span class=&#34;o&#34;&gt;=&lt;/span&gt;&lt;span class=&#34;s&#34;&gt;&amp;#34;en&amp;#34;&lt;/span&gt;&lt;span class=&#34;p&#34;&gt;&amp;gt;&lt;/span&gt;
&lt;/span&gt;&lt;/span&gt;&lt;span class=&#34;line&#34;&gt;&lt;span class=&#34;cl&#34;&gt;&lt;span class=&#34;p&#34;&gt;&amp;lt;&lt;/span&gt;&lt;span class=&#34;nt&#34;&gt;head&lt;/span&gt;&lt;span class=&#34;p&#34;&gt;&amp;gt;&lt;/span&gt;
&lt;/span&gt;&lt;/span&gt;&lt;span class=&#34;line&#34;&gt;&lt;span class=&#34;cl&#34;&gt;  &lt;span class=&#34;p&#34;&gt;&amp;lt;&lt;/span&gt;&lt;span class=&#34;nt&#34;&gt;meta&lt;/span&gt; &lt;span class=&#34;na&#34;&gt;charset&lt;/span&gt;&lt;span class=&#34;o&#34;&gt;=&lt;/span&gt;&lt;span class=&#34;s&#34;&gt;&amp;#34;utf-8&amp;#34;&lt;/span&gt;&lt;span class=&#34;p&#34;&gt;&amp;gt;&lt;/span&gt;
&lt;/span&gt;&lt;/span&gt;&lt;span class=&#34;line&#34;&gt;&lt;span class=&#34;cl&#34;&gt;  &lt;span class=&#34;p&#34;&gt;&amp;lt;&lt;/span&gt;&lt;span class=&#34;nt&#34;&gt;title&lt;/span&gt;&lt;span class=&#34;p&#34;&gt;&amp;gt;&lt;/span&gt;Example HTML5 Document&lt;span class=&#34;p&#34;&gt;&amp;lt;/&lt;/span&gt;&lt;span class=&#34;nt&#34;&gt;title&lt;/span&gt;&lt;span class=&#34;p&#34;&gt;&amp;gt;&lt;/span&gt;
&lt;/span&gt;&lt;/span&gt;&lt;span class=&#34;line&#34;&gt;&lt;span class=&#34;cl&#34;&gt;&lt;span class=&#34;p&#34;&gt;&amp;lt;/&lt;/span&gt;&lt;span class=&#34;nt&#34;&gt;head&lt;/span&gt;&lt;span class=&#34;p&#34;&gt;&amp;gt;&lt;/span&gt;
&lt;/span&gt;&lt;/span&gt;&lt;span class=&#34;line&#34;&gt;&lt;span class=&#34;cl&#34;&gt;&lt;span class=&#34;p&#34;&gt;&amp;lt;&lt;/span&gt;&lt;span class=&#34;nt&#34;&gt;body&lt;/span&gt;&lt;span class=&#34;p&#34;&gt;&amp;gt;&lt;/span&gt;
&lt;/span&gt;&lt;/span&gt;&lt;span class=&#34;line&#34;&gt;&lt;span class=&#34;cl&#34;&gt;  &lt;span class=&#34;p&#34;&gt;&amp;lt;&lt;/span&gt;&lt;span class=&#34;nt&#34;&gt;p&lt;/span&gt;&lt;span class=&#34;p&#34;&gt;&amp;gt;&lt;/span&gt;Test&lt;span class=&#34;p&#34;&gt;&amp;lt;/&lt;/span&gt;&lt;span class=&#34;nt&#34;&gt;p&lt;/span&gt;&lt;span class=&#34;p&#34;&gt;&amp;gt;&lt;/span&gt;
&lt;/span&gt;&lt;/span&gt;&lt;span class=&#34;line&#34;&gt;&lt;span class=&#34;cl&#34;&gt;&lt;span class=&#34;p&#34;&gt;&amp;lt;/&lt;/span&gt;&lt;span class=&#34;nt&#34;&gt;body&lt;/span&gt;&lt;span class=&#34;p&#34;&gt;&amp;gt;&lt;/span&gt;
&lt;/span&gt;&lt;/span&gt;&lt;span class=&#34;line&#34;&gt;&lt;span class=&#34;cl&#34;&gt;&lt;span class=&#34;p&#34;&gt;&amp;lt;/&lt;/span&gt;&lt;span class=&#34;nt&#34;&gt;html&lt;/span&gt;&lt;span class=&#34;p&#34;&gt;&amp;gt;&lt;/span&gt;&lt;/span&gt;&lt;/span&gt;&lt;/code&gt;&lt;/pre&gt;&lt;/td&gt;&lt;/tr&gt;&lt;/table&gt;
&lt;/div&gt;
&lt;/div&gt;&lt;/div&gt;&lt;/div&gt;
&lt;h4 id=&#34;code-block-indented-with-four-spaces&#34;&gt;Code block indented with four spaces&lt;/h4&gt;
&lt;pre&gt;&lt;code&gt;&amp;lt;!doctype html&amp;gt;
&amp;lt;html lang=&amp;quot;en&amp;quot;&amp;gt;
&amp;lt;head&amp;gt;
  &amp;lt;meta charset=&amp;quot;utf-8&amp;quot;&amp;gt;
  &amp;lt;title&amp;gt;Example HTML5 Document&amp;lt;/title&amp;gt;
&amp;lt;/head&amp;gt;
&amp;lt;body&amp;gt;
  &amp;lt;p&amp;gt;Test&amp;lt;/p&amp;gt;
&amp;lt;/body&amp;gt;
&amp;lt;/html&amp;gt;
&lt;/code&gt;&lt;/pre&gt;
&lt;h4 id=&#34;code-block-with-hugos-internal-highlight-shortcode&#34;&gt;Code block with Hugo&amp;rsquo;s internal highlight shortcode&lt;/h4&gt;
&lt;div class=&#34;highlight&#34;&gt;&lt;div class=&#34;chroma&#34;&gt;
&lt;table class=&#34;lntable&#34;&gt;&lt;tr&gt;&lt;td class=&#34;lntd&#34;&gt;
&lt;pre tabindex=&#34;0&#34; class=&#34;chroma&#34;&gt;&lt;code&gt;&lt;span class=&#34;lnt&#34;&gt; 1
&lt;/span&gt;&lt;span class=&#34;lnt&#34;&gt; 2
&lt;/span&gt;&lt;span class=&#34;lnt&#34;&gt; 3
&lt;/span&gt;&lt;span class=&#34;lnt&#34;&gt; 4
&lt;/span&gt;&lt;span class=&#34;lnt&#34;&gt; 5
&lt;/span&gt;&lt;span class=&#34;lnt&#34;&gt; 6
&lt;/span&gt;&lt;span class=&#34;lnt&#34;&gt; 7
&lt;/span&gt;&lt;span class=&#34;lnt&#34;&gt; 8
&lt;/span&gt;&lt;span class=&#34;lnt&#34;&gt; 9
&lt;/span&gt;&lt;span class=&#34;lnt&#34;&gt;10
&lt;/span&gt;&lt;/code&gt;&lt;/pre&gt;&lt;/td&gt;
&lt;td class=&#34;lntd&#34;&gt;
&lt;pre tabindex=&#34;0&#34; class=&#34;chroma&#34;&gt;&lt;code class=&#34;language-html&#34; data-lang=&#34;html&#34;&gt;&lt;span class=&#34;line&#34;&gt;&lt;span class=&#34;cl&#34;&gt;&lt;span class=&#34;cp&#34;&gt;&amp;lt;!doctype html&amp;gt;&lt;/span&gt;
&lt;/span&gt;&lt;/span&gt;&lt;span class=&#34;line&#34;&gt;&lt;span class=&#34;cl&#34;&gt;&lt;span class=&#34;p&#34;&gt;&amp;lt;&lt;/span&gt;&lt;span class=&#34;nt&#34;&gt;html&lt;/span&gt; &lt;span class=&#34;na&#34;&gt;lang&lt;/span&gt;&lt;span class=&#34;o&#34;&gt;=&lt;/span&gt;&lt;span class=&#34;s&#34;&gt;&amp;#34;en&amp;#34;&lt;/span&gt;&lt;span class=&#34;p&#34;&gt;&amp;gt;&lt;/span&gt;
&lt;/span&gt;&lt;/span&gt;&lt;span class=&#34;line&#34;&gt;&lt;span class=&#34;cl&#34;&gt;&lt;span class=&#34;p&#34;&gt;&amp;lt;&lt;/span&gt;&lt;span class=&#34;nt&#34;&gt;head&lt;/span&gt;&lt;span class=&#34;p&#34;&gt;&amp;gt;&lt;/span&gt;
&lt;/span&gt;&lt;/span&gt;&lt;span class=&#34;line&#34;&gt;&lt;span class=&#34;cl&#34;&gt;  &lt;span class=&#34;p&#34;&gt;&amp;lt;&lt;/span&gt;&lt;span class=&#34;nt&#34;&gt;meta&lt;/span&gt; &lt;span class=&#34;na&#34;&gt;charset&lt;/span&gt;&lt;span class=&#34;o&#34;&gt;=&lt;/span&gt;&lt;span class=&#34;s&#34;&gt;&amp;#34;utf-8&amp;#34;&lt;/span&gt;&lt;span class=&#34;p&#34;&gt;&amp;gt;&lt;/span&gt;
&lt;/span&gt;&lt;/span&gt;&lt;span class=&#34;line&#34;&gt;&lt;span class=&#34;cl&#34;&gt;  &lt;span class=&#34;p&#34;&gt;&amp;lt;&lt;/span&gt;&lt;span class=&#34;nt&#34;&gt;title&lt;/span&gt;&lt;span class=&#34;p&#34;&gt;&amp;gt;&lt;/span&gt;Example HTML5 Document&lt;span class=&#34;p&#34;&gt;&amp;lt;/&lt;/span&gt;&lt;span class=&#34;nt&#34;&gt;title&lt;/span&gt;&lt;span class=&#34;p&#34;&gt;&amp;gt;&lt;/span&gt;
&lt;/span&gt;&lt;/span&gt;&lt;span class=&#34;line&#34;&gt;&lt;span class=&#34;cl&#34;&gt;&lt;span class=&#34;p&#34;&gt;&amp;lt;/&lt;/span&gt;&lt;span class=&#34;nt&#34;&gt;head&lt;/span&gt;&lt;span class=&#34;p&#34;&gt;&amp;gt;&lt;/span&gt;
&lt;/span&gt;&lt;/span&gt;&lt;span class=&#34;line&#34;&gt;&lt;span class=&#34;cl&#34;&gt;&lt;span class=&#34;p&#34;&gt;&amp;lt;&lt;/span&gt;&lt;span class=&#34;nt&#34;&gt;body&lt;/span&gt;&lt;span class=&#34;p&#34;&gt;&amp;gt;&lt;/span&gt;
&lt;/span&gt;&lt;/span&gt;&lt;span class=&#34;line&#34;&gt;&lt;span class=&#34;cl&#34;&gt;  &lt;span class=&#34;p&#34;&gt;&amp;lt;&lt;/span&gt;&lt;span class=&#34;nt&#34;&gt;p&lt;/span&gt;&lt;span class=&#34;p&#34;&gt;&amp;gt;&lt;/span&gt;Test&lt;span class=&#34;p&#34;&gt;&amp;lt;/&lt;/span&gt;&lt;span class=&#34;nt&#34;&gt;p&lt;/span&gt;&lt;span class=&#34;p&#34;&gt;&amp;gt;&lt;/span&gt;
&lt;/span&gt;&lt;/span&gt;&lt;span class=&#34;line&#34;&gt;&lt;span class=&#34;cl&#34;&gt;&lt;span class=&#34;p&#34;&gt;&amp;lt;/&lt;/span&gt;&lt;span class=&#34;nt&#34;&gt;body&lt;/span&gt;&lt;span class=&#34;p&#34;&gt;&amp;gt;&lt;/span&gt;
&lt;/span&gt;&lt;/span&gt;&lt;span class=&#34;line&#34;&gt;&lt;span class=&#34;cl&#34;&gt;&lt;span class=&#34;p&#34;&gt;&amp;lt;/&lt;/span&gt;&lt;span class=&#34;nt&#34;&gt;html&lt;/span&gt;&lt;span class=&#34;p&#34;&gt;&amp;gt;&lt;/span&gt;&lt;/span&gt;&lt;/span&gt;&lt;/code&gt;&lt;/pre&gt;&lt;/td&gt;&lt;/tr&gt;&lt;/table&gt;
&lt;/div&gt;
&lt;/div&gt;
&lt;h4 id=&#34;diff-code-block&#34;&gt;Diff code block&lt;/h4&gt;
&lt;div class=&#34;codeblock&#34;&gt;
    &lt;header&gt;
        &lt;span class=&#34;codeblock-lang&#34;&gt;diff&lt;/span&gt;
        &lt;button 
            class=&#34;codeblock-copy&#34;
            data-id=&#34;codeblock-id-1&#34;
            data-copied-text=&#34;&#34;
        &gt;
            
        &lt;/button&gt;
    &lt;/header&gt;
    &lt;code id=&#34;codeblock-id-1&#34; style=&#34;display:none;&#34;&gt;[dependencies.bevy]
git = &amp;#34;https://github.com/bevyengine/bevy&amp;#34;
rev = &amp;#34;11f52b8c72fc3a568e8bb4a4cd1f3eb025ac2e13&amp;#34;
- features = [&amp;#34;dynamic&amp;#34;]
&amp;#43; features = [&amp;#34;jpeg&amp;#34;, &amp;#34;dynamic&amp;#34;]&lt;/code&gt;&lt;div class=&#34;&#34;&gt;&lt;div class=&#34;highlight&#34;&gt;&lt;div class=&#34;chroma&#34;&gt;
&lt;table class=&#34;lntable&#34;&gt;&lt;tr&gt;&lt;td class=&#34;lntd&#34;&gt;
&lt;pre tabindex=&#34;0&#34; class=&#34;chroma&#34;&gt;&lt;code&gt;&lt;span class=&#34;lnt&#34;&gt;1
&lt;/span&gt;&lt;span class=&#34;lnt&#34;&gt;2
&lt;/span&gt;&lt;span class=&#34;lnt&#34;&gt;3
&lt;/span&gt;&lt;span class=&#34;lnt&#34;&gt;4
&lt;/span&gt;&lt;span class=&#34;lnt&#34;&gt;5
&lt;/span&gt;&lt;/code&gt;&lt;/pre&gt;&lt;/td&gt;
&lt;td class=&#34;lntd&#34;&gt;
&lt;pre tabindex=&#34;0&#34; class=&#34;chroma&#34;&gt;&lt;code class=&#34;language-diff&#34; data-lang=&#34;diff&#34;&gt;&lt;span class=&#34;line&#34;&gt;&lt;span class=&#34;cl&#34;&gt;[dependencies.bevy]
&lt;/span&gt;&lt;/span&gt;&lt;span class=&#34;line&#34;&gt;&lt;span class=&#34;cl&#34;&gt;git = &amp;#34;https://github.com/bevyengine/bevy&amp;#34;
&lt;/span&gt;&lt;/span&gt;&lt;span class=&#34;line&#34;&gt;&lt;span class=&#34;cl&#34;&gt;rev = &amp;#34;11f52b8c72fc3a568e8bb4a4cd1f3eb025ac2e13&amp;#34;
&lt;/span&gt;&lt;/span&gt;&lt;span class=&#34;line&#34;&gt;&lt;span class=&#34;cl&#34;&gt;&lt;span class=&#34;gd&#34;&gt;- features = [&amp;#34;dynamic&amp;#34;]
&lt;/span&gt;&lt;/span&gt;&lt;/span&gt;&lt;span class=&#34;line&#34;&gt;&lt;span class=&#34;cl&#34;&gt;&lt;span class=&#34;gd&#34;&gt;&lt;/span&gt;&lt;span class=&#34;gi&#34;&gt;+ features = [&amp;#34;jpeg&amp;#34;, &amp;#34;dynamic&amp;#34;]
&lt;/span&gt;&lt;/span&gt;&lt;/span&gt;&lt;/code&gt;&lt;/pre&gt;&lt;/td&gt;&lt;/tr&gt;&lt;/table&gt;
&lt;/div&gt;
&lt;/div&gt;&lt;/div&gt;&lt;/div&gt;
&lt;h2 id=&#34;list-types&#34;&gt;List Types&lt;/h2&gt;
&lt;h4 id=&#34;ordered-list&#34;&gt;Ordered List&lt;/h4&gt;
&lt;ol&gt;
&lt;li&gt;First item&lt;/li&gt;
&lt;li&gt;Second item&lt;/li&gt;
&lt;li&gt;Third item&lt;/li&gt;
&lt;/ol&gt;
&lt;h4 id=&#34;unordered-list&#34;&gt;Unordered List&lt;/h4&gt;
&lt;ul&gt;
&lt;li&gt;List item&lt;/li&gt;
&lt;li&gt;Another item&lt;/li&gt;
&lt;li&gt;And another item&lt;/li&gt;
&lt;/ul&gt;
&lt;h4 id=&#34;nested-list&#34;&gt;Nested list&lt;/h4&gt;
&lt;ul&gt;
&lt;li&gt;Fruit
&lt;ul&gt;
&lt;li&gt;Apple&lt;/li&gt;
&lt;li&gt;Orange&lt;/li&gt;
&lt;li&gt;Banana&lt;/li&gt;
&lt;/ul&gt;
&lt;/li&gt;
&lt;li&gt;Dairy
&lt;ul&gt;
&lt;li&gt;Milk&lt;/li&gt;
&lt;li&gt;Cheese&lt;/li&gt;
&lt;/ul&gt;
&lt;/li&gt;
&lt;/ul&gt;
&lt;h2 id=&#34;other-elements--abbr-sub-sup-kbd-mark&#34;&gt;Other Elements — abbr, sub, sup, kbd, mark&lt;/h2&gt;
&lt;p&gt;&lt;abbr title=&#34;Graphics Interchange Format&#34;&gt;GIF&lt;/abbr&gt; is a bitmap image format.&lt;/p&gt;
&lt;p&gt;H&lt;sub&gt;2&lt;/sub&gt;O&lt;/p&gt;
&lt;p&gt;X&lt;sup&gt;n&lt;/sup&gt; + Y&lt;sup&gt;n&lt;/sup&gt; = Z&lt;sup&gt;n&lt;/sup&gt;&lt;/p&gt;
&lt;p&gt;Press &lt;kbd&gt;&lt;kbd&gt;CTRL&lt;/kbd&gt;+&lt;kbd&gt;ALT&lt;/kbd&gt;+&lt;kbd&gt;Delete&lt;/kbd&gt;&lt;/kbd&gt; to end the session.&lt;/p&gt;
&lt;p&gt;Most &lt;mark&gt;salamanders&lt;/mark&gt; are nocturnal, and hunt for insects, worms, and other small creatures.&lt;/p&gt;
&lt;h2 id=&#34;hyperlinked-image&#34;&gt;Hyperlinked image&lt;/h2&gt;
&lt;p&gt;&lt;a class=&#34;link&#34; href=&#34;https://google.com&#34;  target=&#34;_blank&#34; rel=&#34;noopener&#34;
    &gt;&lt;img src=&#34;https://www.google.com/images/branding/googlelogo/1x/googlelogo_light_color_272x92dp.png&#34;
	
	
	
	loading=&#34;lazy&#34;
	
		alt=&#34;Google&#34;
	
	
&gt;&lt;/a&gt;&lt;/p&gt;
&lt;div class=&#34;footnotes&#34; role=&#34;doc-endnotes&#34;&gt;
&lt;hr&gt;
&lt;ol&gt;
&lt;li id=&#34;fn:1&#34;&gt;
&lt;p&gt;The above quote is excerpted from Rob Pike&amp;rsquo;s &lt;a class=&#34;link&#34; href=&#34;https://www.youtube.com/watch?v=PAAkCSZUG1c&#34;  target=&#34;_blank&#34; rel=&#34;noopener&#34;
    &gt;talk&lt;/a&gt; during Gopherfest, November 18, 2015.&amp;#160;&lt;a href=&#34;#fnref:1&#34; class=&#34;footnote-backref&#34; role=&#34;doc-backlink&#34;&gt;&amp;#x21a9;&amp;#xfe0e;&lt;/a&gt;&lt;/p&gt;
&lt;/li&gt;
&lt;/ol&gt;
&lt;/div&gt;</description>
        </item>
        <item>
        <title>Placeholder Text</title>
        <link>https://example.com/p/placeholder-text/</link>
        <pubDate>Sat, 09 Mar 2019 00:00:00 +0000</pubDate>
        
        <guid>https://example.com/p/placeholder-text/</guid>
        <description>&lt;img src="https://example.com/p/placeholder-text/matt-le-SJSpo9hQf7s-unsplash.jpg" alt="Featured image of post Placeholder Text" /&gt;&lt;p&gt;Lorem est tota propiore conpellat pectoribus de pectora summo.&lt;/p&gt;
&lt;p&gt;Redit teque digerit hominumque toris verebor lumina non cervice subde tollit usus habet Arctonque, furores quas nec ferunt. Quoque montibus nunc caluere tempus inhospita parcite confusaque translucet patri vestro qui optatis lumine cognoscere flos nubis! Fronde ipsamque patulos Dryopen deorum.&lt;/p&gt;
&lt;ol&gt;
&lt;li&gt;Exierant elisi ambit vivere dedere&lt;/li&gt;
&lt;li&gt;Duce pollice&lt;/li&gt;
&lt;li&gt;Eris modo&lt;/li&gt;
&lt;li&gt;Spargitque ferrea quos palude&lt;/li&gt;
&lt;/ol&gt;
&lt;p&gt;Rursus nulli murmur; hastile inridet ut ab gravi sententia! Nomine potitus silentia flumen, sustinet placuit petis in dilapsa erat sunt. Atria tractus malis.&lt;/p&gt;
&lt;ol&gt;
&lt;li&gt;Comas hunc haec pietate fetum procerum dixit&lt;/li&gt;
&lt;li&gt;Post torum vates letum Tiresia&lt;/li&gt;
&lt;li&gt;Flumen querellas&lt;/li&gt;
&lt;li&gt;Arcanaque montibus omnes&lt;/li&gt;
&lt;li&gt;Quidem et&lt;/li&gt;
&lt;/ol&gt;
&lt;h1 id=&#34;vagus-elidunt&#34;&gt;Vagus elidunt&lt;/h1&gt;
&lt;p&gt;&lt;svg class=&#34;canon&#34; xmlns=&#34;http://www.w3.org/2000/svg&#34; overflow=&#34;visible&#34; viewBox=&#34;0 0 496 373&#34; height=&#34;373&#34; width=&#34;496&#34;&gt;&lt;g fill=&#34;none&#34;&gt;&lt;path stroke=&#34;#000&#34; stroke-width=&#34;.75&#34; d=&#34;M.599 372.348L495.263 1.206M.312.633l494.95 370.853M.312 372.633L247.643.92M248.502.92l246.76 370.566M330.828 123.869V1.134M330.396 1.134L165.104 124.515&#34;&gt;&lt;/path&gt;&lt;path stroke=&#34;#ED1C24&#34; stroke-width=&#34;.75&#34; d=&#34;M275.73 41.616h166.224v249.05H275.73zM54.478 41.616h166.225v249.052H54.478z&#34;&gt;&lt;/path&gt;&lt;path stroke=&#34;#000&#34; stroke-width=&#34;.75&#34; d=&#34;M.479.375h495v372h-495zM247.979.875v372&#34;&gt;&lt;/path&gt;&lt;ellipse cx=&#34;498.729&#34; cy=&#34;177.625&#34; rx=&#34;.75&#34; ry=&#34;1.25&#34;&gt;&lt;/ellipse&gt;&lt;ellipse cx=&#34;247.229&#34; cy=&#34;377.375&#34; rx=&#34;.75&#34; ry=&#34;1.25&#34;&gt;&lt;/ellipse&gt;&lt;/g&gt;&lt;/svg&gt;&lt;/p&gt;
&lt;p&gt;&lt;a class=&#34;link&#34; href=&#34;https://en.wikipedia.org/wiki/Canons_of_page_construction#Van_de_Graaf_canon&#34;  target=&#34;_blank&#34; rel=&#34;noopener&#34;
    &gt;The Van de Graaf Canon&lt;/a&gt;&lt;/p&gt;
&lt;h2 id=&#34;mane-refeci-capiebant-unda-mulcebat&#34;&gt;Mane refeci capiebant unda mulcebat&lt;/h2&gt;
&lt;p&gt;Victa caducifer, malo vulnere contra dicere aurato, ludit regale, voca! Retorsit colit est profanae esse virescere furit nec; iaculi matertera et visa est, viribus. Divesque creatis, tecta novat collumque vulnus est, parvas. &lt;strong&gt;Faces illo pepulere&lt;/strong&gt; tempus adest. Tendit flamma, ab opes virum sustinet, sidus sequendo urbis.&lt;/p&gt;
&lt;p&gt;Iubar proles corpore raptos vero auctor imperium; sed et huic: manus caeli Lelegas tu lux. Verbis obstitit intus oblectamina fixis linguisque ausus sperare Echionides cornuaque tenent clausit possit. Omnia putatur. Praeteritae refert ausus; ferebant e primus lora nutat, vici quae mea ipse. Et iter nil spectatae vulnus haerentia iuste et exercebat, sui et.&lt;/p&gt;
&lt;p&gt;Eurytus Hector, materna ipsumque ut Politen, nec, nate, ignari, vernum cohaesit sequitur. Vel &lt;strong&gt;mitis temploque&lt;/strong&gt; vocatus, inque alis, &lt;em&gt;oculos nomen&lt;/em&gt; non silvis corpore coniunx ne displicet illa. Crescunt non unus, vidit visa quantum inmiti flumina mortis facto sic: undique a alios vincula sunt iactata abdita! Suspenderat ego fuit tendit: luna, ante urbem Propoetides &lt;strong&gt;parte&lt;/strong&gt;.&lt;/p&gt;</description>
        </item>
        
    </channel>
</rss>
